{
    "Linear Regression": {
        "test_r2": 0.9969358593179745,
        "test_mae": 16.0031973610039,
        "test_rmse": 44.42836742669055
    },
    "Random Forest": {
        "test_r2": 0.9376421452292976,
        "test_mae": 39.49880341880342,
        "test_rmse": 200.42485935704332
    },
    "DNN": {
        "test_r2": 0.9973302687500872,
        "test_mae": 19.54483384352464,
        "test_rmse": 41.47054825578765
    }
}